<resources>
	<string name="JSMOD">JSMOD by Killer7Mod</string>
	<string name="GNT">Generators</string>
	<string name="JS">JavaScript Editor</string>
	<string name="CODE">Code</string>
	<string name="PCUSTOM">Custom Proxy</string>
	<string name="EXIT">Exit</string>
	<string name="BACK">Back</string>
	<string name="SAVE">Save</string>
	<string name="CANCEL">Cancel</string>
	<string name="EMPTY_FIELD">The field is empty.</string>
	<string name="EMPTY_SCRIPT">No scripts</string>
	<string name="NAME">Name</string>
	<string name="ADD">Add</string>
	<string name="ADD_SCRIPT">Add Script</string>
	<string name="GNT_SUCESS">Successfully generated</string>
	<string name="GNT_FAILED">Failed to generate</string>
	<string name="GNT_PROGRESS">Generating...</string>
	<string name="RLINK">Reverse link found</string>
	<string name="DESP">Unprotected</string>
	<string name="VIEW_SOURCE">View source</string>
	<string name="OPEN_WITH">Open with</string>
	<string name="DESP_PRO">Unprotecting..</string>
	<string name="DESP_FAILED">Could not unprotect link</string>
	<string name="UPDATE_NOT">Update for UC Super MOD v4 Final is available at UCForum</string>
	<string name="MEDIAFIRE_P">Proxy in the configurations is disabled, it is not possible to use the generator</string>
	<string name="GNT_DOWN">Generating download link</string>
</resources>
