<resources>
	<string name="JSMOD">JSMOD by Killer7Mod</string>
	<string name="GNT">Geradores</string>
	<string name="JS">JavaScript Editor</string>
	<string name="CODE">Codigo</string>
	<string name="PCUSTOM">Proxy Personalizado</string>
	<string name="EXIT">Sair</string>
	<string name="BACK">Voltar</string>
	<string name="SAVE">Salvar</string>
	<string name="CANCEL">Cancelar</string>
	<string name="EMPTY_FIELD">O campo está vazio</string>
	<string name="EMPTY_SCRIPT">Não há scripts</string>
	<string name="NAME">Nome</string>
	<string name="ADD">Adicionar</string>
	<string name="ADD_SCRIPT">Adicionar Script</string>
	<string name="GNT_SUCESS">Gerado com sucesso</string>
	<string name="GNT_FAILED">Falha ao gerar</string>
	<string name="GNT_PROGRESS">Gerando...</string>
	<string name="RLINK">Link reverso encontrado</string>
	<string name="DESP">Desprotetores</string>
	<string name="VIEW_SOURCE">Ver codigo fonte</string>
	<string name="OPEN_WITH">Abrir com</string>
	<string name="DESP_PRO">Desprotegendo..</string>
	<string name="DESP_FAILED">Não foi possivel desproteger o link</string>
	<string name="UPDATE_NOT">Atualização do UC Super MOD v4 Final está disponivel no UCForum</string>
	<string name="MEDIAFIRE_P">Proxy nas configurações está desabilitado, não é possivel usar o gerador</string>
</resources>
