<resources>
	<string name="JSMOD">JSMOD by Killer7Mod</string>
	<string name="GNT">Geradores</string>
	<string name="JS">JavaScript Editor</string>
	<string name="PCUSTOM">Proxy Customizado</string>
	<string name="EXIT">Sair</string>
	<string name="GNTS">Gerador PlayStore,Gerador Google Drive,Gerador Mega,Gerador 4Shared,Gerador Userscloud,Gerador dailyuploads,Gerador upfile</string>
	<string name="BACK">Voltar</string>
	<string name="SAVE">Salvar</string>
	<string name="CANCEL">Cancelar</string>
	<string name="EMPTY_FIELD">O campo está vazio</string>
	<string name="EMPTY_SCRIPT">Não há scripts</string>
	<string name="NAME">Nome</string>
	<string name="ADD">Adicionar</string>
	<string name="ADD_SCRIPT">Adicionar Script</string>
	<string name="GNT_SUCESS">Gerado com sucesso</string>
	<string name="GNT_FAILED">Falha ao gerar</string>
	<string name="GNT_PROGRESS">Gerando...</string>
	<string name="RLINK">Link reverso encontrado</string>
</resources>
